Year,UNITID,INTUTIONFEE,OUTTUTIONFEE,BOOKSUPPLY,ONCAMROOM,ONCAMOTHEXP,OFFCAMROOM,OFFCAMOTHEXP,Total,AllocProportion,SampleSize,ActualProportion,SelectionProb,SamplingWeight
2016,100751,10470,26950,1200,13050,4116,13050,4116,1368,0.25,125,0.25,0.091374269,10.944
2016,100858,10696,28840,1200,12898,5664,12898,5664,1368,0.25,125,0.25,0.091374269,10.944
2016,101453,9792,9792,1000,4140,2628,10503,3456,1368,0.25,125,0.25,0.091374269,10.944
2016,102298,12340,12340,1370,6504,2100,3200,2100,1368,0.25,125,0.25,0.091374269,10.944
2016,106412,6898,12988,1000,7372,2848,4426,3888,1368,0.25,125,0.25,0.091374269,10.944
2016,110097,36696,36696,1764,10560,3222,10560,3222,1368,0.25,125,0.25,0.091374269,10.944
2016,110680,13645,40327,1541,12545,4508,10131,5621,1368,0.25,125,0.25,0.091374269,10.944
2016,112260,50945,50945,1200,15740,1500,12492,4158,1368,0.25,125,0.25,0.091374269,10.944
2016,117627,31590,31590,1791,8100,3168,12492,4536,1368,0.25,125,0.25,0.091374269,10.944
2016,118541,35884,35884,1828,14412,2756,12138,2824,1368,0.25,125,0.25,0.091374269,10.944
2016,120403,44020,44020,1400,14258,2950,11800,2950,1368,0.25,125,0.25,0.091374269,10.944
2016,122612,44494,44494,1600,13990,3800,13990,3800,1368,0.25,125,0.25,0.091374269,10.944
2016,127741,8888,20474,1350,10770,2610,9692,3212,1368,0.25,125,0.25,0.091374269,10.944
2016,133881,40446,40446,1200,13610,3000,13610,3000,1368,0.25,125,0.25,0.091374269,10.944
2016,133979,15536,15536,2300,6734,3800,10000,4800,1368,0.25,125,0.25,0.091374269,10.944
2016,134079,33150,33150,1244,10680,2626,10680,2626,1368,0.25,125,0.25,0.091374269,10.944
2016,136950,46520,46520,1250,14450,5000,11720,4912,1368,0.25,125,0.25,0.091374269,10.944
2016,137777,13250,13250,900,8000,4500,11000,6000,1368,0.25,125,0.25,0.091374269,10.944
2016,141574,11732,33764,952,13030,2899,13030,2899,1368,0.25,125,0.25,0.091374269,10.944
2016,146481,44116,44116,1000,9810,2074,9810,2074,1368,0.25,125,0.25,0.091374269,10.944
2016,146676,17700,17700,1240.255694,7100,5514,6078,5514,1368,0.25,125,0.25,0.091374269,10.944
2016,147776,10138,18514,2400,11100,6489,6588,6489,1368,0.25,125,0.25,0.091374269,10.944
2016,147828,33940,33940,1000,7900,2700,11660,1000,1368,0.25,125,0.25,0.091374269,10.944
2016,151351,10388,34246,1290,10041,3090,10041,3090,1368,0.25,125,0.25,0.091374269,10.944
2016,151786,31500,31500,1200,9720,3748,8222,3892,1368,0.25,125,0.25,0.091374269,10.944
2016,152318,46210,46210,1500,13293,1500,13293,1500,1368,0.25,125,0.25,0.091374269,10.944
2016,153603,8219,21583,995,8356,2430,8356,2430,1368,0.25,125,0.25,0.091374269,10.944
2016,153825,31525,31525,1100,7700,2011,7700,2011,1368,0.25,125,0.25,0.091374269,10.944
2016,155070,15990,15990,1600,8400,3000,8400,3000,1368,0.25,125,0.25,0.091374269,10.944
2016,156286,39750,39750,792,11820,5432,11820,5432,1368,0.25,125,0.25,0.091374269,10.944
2016,157535,19600,19600,2500,9100,6500,9100,6500,1368,0.25,125,0.25,0.091374269,10.944
2016,157748,17916,17916,1700,6400,1500,2460,1500,1368,0.25,125,0.25,0.091374269,10.944
2016,160621,8080,15430,1220,8003,3386,9073,3971,1368,0.25,125,0.25,0.091374269,10.944
2016,162760,36540,36540,1200,12200,3100,11240,3100,1368,0.25,125,0.25,0.091374269,10.944
2016,164720,37272,37272,960,12850,3200,5842,6554,1368,0.25,125,0.25,0.091374269,10.944
2016,165662,42908,42908,1150,16320,2137,15750,2137,1368,0.25,125,0.25,0.091374269,10.944
2016,165699,31312,31312,1252,14500,2072,10970,2072,1368,0.25,125,0.25,0.091374269,10.944
2016,167057,44755,44755,700,13900,2734,13900,2734,1368,0.25,125,0.25,0.091374269,10.944
2016,167783,38590,38590,1280,14500,2550,14500,2550,1368,0.25,125,0.25,0.091374269,10.944
2016,169248,12150,23670,1000,9406,938,7346,938,1368,0.25,125,0.25,0.091374269,10.944
2016,169716,39882,39882,880,9158,3654,9514,5448,1368,0.25,125,0.25,0.091374269,10.944
2016,171492,25130,25130,1250,9880,2838,9116,4208,1368,0.25,125,0.25,0.091374269,10.944
2016,172644,12519,26470,1196,9874,2018,9134,5754,1368,0.25,125,0.25,0.091374269,10.944
2016,173452,13980,13980,800,5510,4300,5510,4300,1368,0.25,125,0.25,0.091374269,10.944
2016,174914,39594,39594,1000,10100,2746,8700,2746,1368,0.25,125,0.25,0.091374269,10.944
2016,176406,10600,10600,1300,6400,2900,5700,3000,1368,0.25,125,0.25,0.091374269,10.944
2016,176664,13400,13400,840,7280,2800,5000,2800,1368,0.25,125,0.25,0.091374269,10.944
2016,179159,40726,40726,1200,10640,3448,10640,3448,1368,0.25,125,0.25,0.091374269,10.944
2016,181215,6844,12268,1316,9944,3674,9944,3674,1368,0.25,125,0.25,0.091374269,10.944
2016,181297,16837,16837,1300,10054,2856,12700,4152,1368,0.25,125,0.25,0.091374269,10.944
2016,181738,22538,22538,1000,6800,3620,8600,3920,1368,0.25,125,0.25,0.091374269,10.944
2016,184603,37988,37988,1230,12998,2856,10575,2856,1368,0.25,125,0.25,0.091374269,10.944
2016,185129,11430,20458,1200,12446,4500,12446,4500,1368,0.25,125,0.25,0.091374269,10.944
2016,186584,39258,39258,1000,13108,2000,13108,3200,1368,0.25,125,0.25,0.091374269,10.944
2016,190983,41900,41900,600,12000,550,2500,550,1368,0.25,125,0.25,0.091374269,10.944
2016,192192,29451,29451,1300,11190,3480,10230,3660,1368,0.25,125,0.25,0.091374269,10.944
2016,192819,35210,35210,1000,14650,1900,13250,2425,1368,0.25,125,0.25,0.091374269,10.944
2016,193016,18392,18392,1524,13500,3032,8096,3348,1368,0.25,125,0.25,0.091374269,10.944
2016,193292,29100,29100,1470,14250,3864,9436,9804,1368,0.25,125,0.25,0.091374269,10.944
2016,193973,30950,30950,1050,12700,1450,9400,4750,1368,0.25,125,0.25,0.091374269,10.944
2016,195128,28805,28805,1200,12420,1900,7000,3275,1368,0.25,125,0.25,0.091374269,10.944
2016,195216,51200,51200,750,13190,900,6750,900,1368,0.25,125,0.25,0.091374269,10.944
2016,196097,8999,26239,900,12882,1868,12900,5336,1368,0.25,125,0.25,0.091374269,10.944
2016,197197,43980,43980,822,13260,2313,13260,2313,1368,0.25,125,0.25,0.091374269,10.944
2016,197647,11800,11800,200,3600,3800,13474,3800,1368,0.25,125,0.25,0.091374269,10.944
2016,197911,29052,29052,1200,9634,4400,9634,4400,1368,0.25,125,0.25,0.091374269,10.944
2016,198136,30050,30050,1600,10760,4000,10760,4000,1368,0.25,125,0.25,0.091374269,10.944
2016,198507,4889,17860,362,7479,1000,7479,1500,1368,0.25,125,0.25,0.091374269,10.944
2016,198561,29810,29810,1300,9780,2260,5400,2600,1368,0.25,125,0.25,0.091374269,10.944
2016,198808,25648,25648,550,10392,5040,10392,7290,1368,0.25,125,0.25,0.091374269,10.944
2016,199148,6971,21833,956,9934,2224,8744,2536,1368,0.25,125,0.25,0.091374269,10.944
2016,199157,6132,18590,1500,9636,4267,9636,4667,1368,0.25,125,0.25,0.091374269,10.944
2016,199193,8880,26399,1082,10635,2442,10635,2442,1368,0.25,125,0.25,0.091374269,10.944
2016,199865,33970,33970,850,10250,3990,10250,3990,1368,0.25,125,0.25,0.091374269,10.944
2016,201195,30776,30776,1582,8748,3540,8882,5122,1368,0.25,125,0.25,0.091374269,10.944
2016,202480,40940,40940,1000,12680,1750,12680,1750,1368,0.25,125,0.25,0.091374269,10.944
2016,203128,33040,33040,700,10190,2367,9184,2711,1368,0.25,125,0.25,0.091374269,10.944
2016,203517,10012,18376,1200,10720,3582,10720,3582,1368,0.25,125,0.25,0.091374269,10.944
2016,206613,5842,14462,1392,9674,2500,9674,2500,1368,0.25,125,0.25,0.091374269,10.944
2016,207041,6279,15399,1600,5350,3010,8002,5948,1368,0.25,125,0.25,0.091374269,10.944
2016,207582,25676,25676,1848,8540,3696,9765,3696,1368,0.25,125,0.25,0.091374269,10.944
2016,209409,27930,27930,900,8650,2340,8650,2520,1368,0.25,125,0.25,0.091374269,10.944
2016,209612,41054,41054,1050,11822,1680,11822,1680,1368,0.25,125,0.25,0.091374269,10.944
2016,211088,40920,40920,1500,13500,1100,18325,1100,1368,0.25,125,0.25,0.091374269,10.944
2016,211352,30588,30588,1200,12500,1700,10000,1700,1368,0.25,125,0.25,0.091374269,10.944
2016,212160,10074,10640,1000,11219,2550,11219,2550,1368,0.25,125,0.25,0.091374269,10.944
2016,212984,29750,29750,1080,14500,906,10062,1328,1368,0.25,125,0.25,0.091374269,10.944
2016,213303,25798,25798,200,10352,4350,8000,4350,1368,0.25,125,0.25,0.091374269,10.944
2016,214713,14828,22834,1840,11230,4788,11230,4788,1368,0.25,125,0.25,0.091374269,10.944
2016,214786,13666,20546,1840,11230,4788,11230,4788,1368,0.25,125,0.25,0.091374269,10.944
2016,215114,25246,25246,1040,9583,1948,10390,1948,1368,0.25,125,0.25,0.091374269,10.944
2016,216047,20655,20655,1200,13315,4000,6300,1000,1368,0.25,125,0.25,0.091374269,10.944
2016,216366,37950,37950,1600,12560,3910,12560,4152,1368,0.25,125,0.25,0.091374269,10.944
2016,217235,30746,30746,1500,12672,2000,6700,2409,1368,0.25,125,0.25,0.091374269,10.944
2016,217961,17000,17000,1350,10300,4550,10300,6100,1368,0.25,125,0.25,0.091374269,10.944
2016,219383,27160,27160,950,7140,3535,8630,3935,1368,0.25,125,0.25,0.091374269,10.944
2016,219949,21210,21210,1400,7220,5680,7690,6440,1368,0.25,125,0.25,0.091374269,10.944
2016,230728,7426,20492,810,6570,3770,7880,3770,1368,0.25,125,0.25,0.091374269,10.944
2016,231581,32590,32590,1150,11920,2280,9300,3060,1368,0.25,125,0.25,0.091374269,10.944
2016,232265,24242,24242,1100,10684,2800,11700,4500,1368,0.25,125,0.25,0.091374269,10.944
2016,234137,7880,7880,800,8520,6129,8520,6129,1368,0.25,125,0.25,0.091374269,10.944
2016,235097,6951,23343,900,10941,3180,10941,3180,1368,0.25,125,0.25,0.091374269,10.944
2016,236328,46552,46552,1000,11800,2300,11800,2300,1368,0.25,125,0.25,0.091374269,10.944
2016,237312,29900,29900,1800,9100,2600,9200,2400,1368,0.25,125,0.25,0.091374269,10.944
2016,237783,16100,16100,800,7480,3000,7000,3000,1368,0.25,125,0.25,0.091374269,10.944
2016,237932,7038,14394,1646,9120,4326,6640,4843,1368,0.25,125,0.25,0.091374269,10.944
2016,238430,28212,28212,700,7940,4992,6517,5332,1368,0.25,125,0.25,0.091374269,10.944
2016,238458,30388,30388,1078,9264,2402,6718,4790,1368,0.25,125,0.25,0.091374269,10.944
2016,239105,38470,38470,1008,11440,2567,12160,4840,1368,0.25,125,0.25,0.091374269,10.944
2016,240107,26150,26150,1000,8510,2500,8510,2500,1368,0.25,125,0.25,0.091374269,10.944
2016,240338,27984,27984,700,9620,2146,6568,5666,1368,0.25,125,0.25,0.091374269,10.944
2016,240444,10488,32738,1200,10446,3096,10446,3096,1368,0.25,125,0.25,0.091374269,10.944
2016,241614,3968,3968,800,2400,2850,4000,2850,1368,0.25,125,0.25,0.091374269,10.944
2016,242617,5802,5802,845,5401,6107,7314,6107,1368,0.25,125,0.25,0.091374269,10.944
2016,243780,10002,28804,1220,10030,1780,9460,1780,1368,0.25,125,0.25,0.091374269,10.944
2016,245652,50878,50878,650,11162,1000,11162,1000,1368,0.25,125,0.25,0.091374269,10.944
2016,245777,8600,8600,200,2800,3800,13474,3800,1368,0.25,125,0.25,0.091374269,10.944
2016,247773,6800,6800,200,4200,3800,10912,3800,1368,0.25,125,0.25,0.091374269,10.944
2016,482936,4940,4940,1200,11800,4000,11800,4000,1368,0.25,125,0.25,0.091374269,10.944
2017,100751,10780,28100,1200,13324,4120,13324,4120,1368,0.25,125,0.25,0.091374269,10.944
2017,101693,22210,22210,1800,9600,4744,9000,4718,1368,0.25,125,0.25,0.091374269,10.944
2017,113698,44690,44690,1854,14650,3242,13294,4240,1368,0.25,125,0.25,0.091374269,10.944
2017,114813,30618,30618,1854,8400,2403,13293,4239,1368,0.25,125,0.25,0.091374269,10.944
2017,120166,8720,8720,1210,9200,2800,12000,2850,1368,0.25,125,0.25,0.091374269,10.944
2017,123554,45686,45686,1278,15320,3240,14058,4059,1368,0.25,125,0.25,0.091374269,10.944
2017,123572,7724,19604,1854,13554,2902,14502,2974,1368,0.25,125,0.25,0.091374269,10.944
2017,128744,32250,32250,1500,13590,7168,8520,10208,1368,0.25,125,0.25,0.091374269,10.944
2017,130183,16610,16610,1200,11500,2200,8000,3450,1368,0.25,125,0.25,0.091374269,10.944
2017,130934,7868,16904,1900,11433,2219,12672,5664,1368,0.25,125,0.25,0.091374269,10.944
2017,132602,14410,14410,1450,8912,3000,9600,4200,1368,0.25,125,0.25,0.091374269,10.944
2017,138354,6360,19241,1200,9354,2100,9354,2100,1368,0.25,125,0.25,0.091374269,10.944
2017,139366,6134,16920,1350,10550,3380,9200,4100,1368,0.25,125,0.25,0.091374269,10.944
2017,139931,6356,17142,1200,9650,5654,9650,5654,1368,0.25,125,0.25,0.091374269,10.944
2017,141167,17940,17940,1000,7040,2200,5320,2200,1368,0.25,125,0.25,0.091374269,10.944
2017,141565,7648,20608,1012,11064,3444,14662,6510,1368,0.25,125,0.25,0.091374269,10.944
2017,145336,9412,16924,1000,10104,3100,10868,3100,1368,0.25,125,0.25,0.091374269,10.944
2017,146676,18100,18100,1252.912564,7400,5514,7156,5514,1368,0.25,125,0.25,0.091374269,10.944
2017,146719,43078,43078,1200,14080,1600,11500,1600,1368,0.25,125,0.25,0.091374269,10.944
2017,147660,37749,37749,1200,12165,1629,8565,6261,1368,0.25,125,0.25,0.091374269,10.944
2017,150604,30920,30920,1200,9630,2600,7500,3800,1368,0.25,125,0.25,0.091374269,10.944
2017,150677,23170,23170,1000,8782,1000,8000,3200,1368,0.25,125,0.25,0.091374269,10.944
2017,151324,8916,19452,1200,9988,2298,9988,2298,1368,0.25,125,0.25,0.091374269,10.944
2017,152099,23700,23700,1414,9450,3463,6448,3463,1368,0.25,125,0.25,0.091374269,10.944
2017,153278,29710,29710,950,9450,900,9070,3790,1368,0.25,125,0.25,0.091374269,10.944
2017,153621,24600,30500,1339,10500,3215,11200,3215,1368,0.25,125,0.25,0.091374269,10.944
2017,153825,32886,32886,1100,7840,2011,7840,2011,1368,0.25,125,0.25,0.091374269,10.944
2017,155681,7100,18152,1000,7700,3766,7174,4342,1368,0.25,125,0.25,0.091374269,10.944
2017,155900,28750,28750,1000,7520,5551,6377,6597,1368,0.25,125,0.25,0.091374269,10.944
2017,156213,29500,29500,1275,6950,2850,5365,3360,1368,0.25,125,0.25,0.091374269,10.944
2017,157289,11264,26286,1200,8374,5612,7890,6672,1368,0.25,125,0.25,0.091374269,10.944
2017,157535,20338,20338,2500,7500,6500,7500,6500,1368,0.25,125,0.25,0.091374269,10.944
2017,158477,35900,35900,1300,13150,2650,9300,3600,1368,0.25,125,0.25,0.091374269,10.944
2017,159391,11374,28051,1160,11750,5420,16012,5420,1368,0.25,125,0.25,0.091374269,10.944
2017,159656,39492,39492,1248,12666,1924,12666,1924,1368,0.25,125,0.25,0.091374269,10.944
2017,161509,34050,34050,1250,11570,2100,8100,2100,1368,0.25,125,0.25,0.091374269,10.944
2017,162007,8064,18653,2500,10546,1600,12874,1600,1368,0.25,125,0.25,0.091374269,10.944
2017,162584,8914,22262,1400,9522,1806,6000,3706,1368,0.25,125,0.25,0.091374269,10.944
2017,163046,47560,47560,1250,14150,1560,7920,1670,1368,0.25,125,0.25,0.091374269,10.944
2017,163912,14496,29948,800,12816,1566,12816,1566,1368,0.25,125,0.25,0.091374269,10.944
2017,164748,42750,42750,474,18180,2170,13850,2170,1368,0.25,125,0.25,0.091374269,10.944
2017,167358,49497,49497,1000,15660,1800,15660,1800,1368,0.25,125,0.25,0.091374269,10.944
2017,167394,34578,34578,1150,12664,2400,9315,2900,1368,0.25,125,0.25,0.091374269,10.944
2017,167783,39610,39610,1280,14800,2550,14800,2550,1368,0.25,125,0.25,0.091374269,10.944
2017,167835,50044,50044,800,16730,1989,7849,1989,1368,0.25,125,0.25,0.091374269,10.944
2017,168005,37270,37270,1200,15046,2524,15023,3074,1368,0.25,125,0.25,0.091374269,10.944
2017,168227,32954,32954,1500,13844,3750,13844,3750,1368,0.25,125,0.25,0.091374269,10.944
2017,169248,12510,23670,1000,9736,830,7394,830,1368,0.25,125,0.25,0.091374269,10.944
2017,169363,28420,28420,1600,9820,2800,9820,2800,1368,0.25,125,0.25,0.091374269,10.944
2017,169442,42460,42460,3000,8650,3700,8650,3700,1368,0.25,125,0.25,0.091374269,10.944
2017,169798,12019,29200,1000,9854,2434,7400,3146,1368,0.25,125,0.25,0.091374269,10.944
2017,170967,22312,22312,1722,7160,834,4194,1494,1368,0.25,125,0.25,0.091374269,10.944
2017,171492,26080,26080,1230,10170,2896,9502,4206,1368,0.25,125,0.25,0.091374269,10.944
2017,173328,21750,21750,2000,8750,2000,8750,2000,1368,0.25,125,0.25,0.091374269,10.944
2017,174783,8228,16462,1200,8558,2700,8558,2700,1368,0.25,125,0.25,0.091374269,10.944
2017,176789,11152,11152,794,5240,1439,10518,9327,1368,0.25,125,0.25,0.091374269,10.944
2017,177065,21936,21936,1242,7094,3936,7744,5856,1368,0.25,125,0.25,0.091374269,10.944
2017,178208,7810,7810,600,6696,4125,11403,5614,1368,0.25,125,0.25,0.091374269,10.944
2017,178369,20200,20200,2830,8750,2050,7780,4700,1368,0.25,125,0.25,0.091374269,10.944
2017,178721,10774,10774,1690,7672,3346,6406,3346,1368,0.25,125,0.25,0.091374269,10.944
2017,179159,42166,42166,1000,10996,3052,10996,3052,1368,0.25,125,0.25,0.091374269,10.944
2017,180258,24440,24440,1000,8500,3950,7890,5612,1368,0.25,125,0.25,0.091374269,10.944
2017,181002,38750,38750,1200,10702,2800,10702,2800,1368,0.25,125,0.25,0.091374269,10.944
2017,181394,7630,20320,1148,9406,3648,9240,3648,1368,0.25,125,0.25,0.091374269,10.944
2017,184773,32260,32260,1200,10808,2880,5880,3135,1368,0.25,125,0.25,0.091374269,10.944
2017,187134,16149,27578,1200,13201,3918,12632,3918,1368,0.25,125,0.25,0.091374269,10.944
2017,190637,7010,14400,1364,13338,5430,13718,5430,1368,0.25,125,0.25,0.091374269,10.944
2017,190983,41900,41900,600,12000,550,2500,550,1368,0.25,125,0.25,0.091374269,10.944
2017,191621,21750,21750,750,9000,1800,5400,1800,1368,0.25,125,0.25,0.091374269,10.944
2017,192749,37910,37910,800,14520,1550,14520,1550,1368,0.25,125,0.25,0.091374269,10.944
2017,194666,7750,7750,300,4500,3500,8000,3500,1368,0.25,125,0.25,0.091374269,10.944
2017,195234,31612,31612,1200,12356,2100,12356,2460,1368,0.25,125,0.25,0.091374269,10.944
2017,195474,35735,35735,1292,14550,2278,8621,2308,1368,0.25,125,0.25,0.091374269,10.944
2017,196079,9523,24403,1000,14577,1000,14577,1000,1368,0.25,125,0.25,0.091374269,10.944
2017,196185,8136,17786,1200,12658,2002,12658,2002,1368,0.25,125,0.25,0.091374269,10.944
2017,196237,7883,17533,2500,11020,1960,17000,4300,1368,0.25,125,0.25,0.091374269,10.944
2017,197018,13800,13800,512,4000,3181,5887,6289,1368,0.25,125,0.25,0.091374269,10.944
2017,198543,5183,16791,400,8627,2426,8627,2426,1368,0.25,125,0.25,0.091374269,10.944
2017,199120,9005,34588,1604,11556,3404,11556,3404,1368,0.25,125,0.25,0.091374269,10.944
2017,201195,31668,31668,1654,9142,3540,8882,5050,1368,0.25,125,0.25,0.091374269,10.944
2017,202480,41750,41750,1000,13180,1750,13180,1750,1368,0.25,125,0.25,0.091374269,10.944
2017,203845,36040,36040,1228,11330,1506,3760,2042,1368,0.25,125,0.25,0.091374269,10.944
2017,206437,29365,29365,1104,10530,2430,8622,2634,1368,0.25,125,0.25,0.091374269,10.944
2017,206941,7100,17447,1600,7970,6946,9950,8546,1368,0.25,125,0.25,0.091374269,10.944
2017,207403,26840,26840,1350,7150,4500,7150,4500,1368,0.25,125,0.25,0.091374269,10.944
2017,211431,28596,28596,1400,11108,2082,11108,2082,1368,0.25,125,0.25,0.091374269,10.944
2017,212197,45350,45350,1100,10990,1050,6894,1050,1368,0.25,125,0.25,0.091374269,10.944
2017,213543,50740,50740,1000,13120,1065,13120,1065,1368,0.25,125,0.25,0.091374269,10.944
2017,213613,10576,20056,1700,9968,4240,9968,4240,1368,0.25,125,0.25,0.091374269,10.944
2017,213783,12316,22008,2000,11998,2408,9256,3508,1368,0.25,125,0.25,0.091374269,10.944
2017,214166,22430,22430,2500,10338,3000,10000,3000,1368,0.25,125,0.25,0.091374269,10.944
2017,214731,14460,22378,1840,11280,4788,11280,4788,1368,0.25,125,0.25,0.091374269,10.944
2017,214971,37096,37096,1511,16480,4202,16480,4202,1368,0.25,125,0.25,0.091374269,10.944
2017,215743,34956,34956,2000,11928,3000,11928,6000,1368,0.25,125,0.25,0.091374269,10.944
2017,215770,43880,43880,840,14840,1294,14840,1294,1368,0.25,125,0.25,0.091374269,10.944
2017,219000,31960,31960,1000,8008,4490,6328,5685,1368,0.25,125,0.25,0.091374269,10.944
2017,219259,8280,11210,1200,7844,4000,7850,4000,1368,0.25,125,0.25,0.091374269,10.944
2017,219718,16552,16552,1200,9198,4620,9198,4620,1368,0.25,125,0.25,0.091374269,10.944
2017,220206,18458,18458,876,7478,7000,6900,7900,1368,0.25,125,0.25,0.091374269,10.944
2017,220516,28572,28572,1440,8424,3500,5130,6670,1368,0.25,125,0.25,0.091374269,10.944
2017,224323,38716,38716,1000,11960,3200,8500,3200,1368,0.25,125,0.25,0.091374269,10.944
2017,225399,31730,31730,1000,8242,4350,9329,5631,1368,0.25,125,0.25,0.091374269,10.944
2017,225502,6805,17750,1200,8134,3500,7996,4178,1368,0.25,125,0.25,0.091374269,10.944
2017,225627,29990,29990,1400,12436,2940,11830,3484,1368,0.25,125,0.25,0.091374269,10.944
2017,226152,7143,17411,960,8160,1720,7298,2596,1368,0.25,125,0.25,0.091374269,10.944
2017,227863,32660,32660,1094,8850,3902,10090,4762,1368,0.25,125,0.25,0.091374269,10.944
2017,228796,7851,21596,1632,9495,4232,9495,4232,1368,0.25,125,0.25,0.091374269,10.944
2017,229267,41344,41344,1000,13136,1400,10160,1400,1368,0.25,125,0.25,0.091374269,10.944
2017,230728,7870,21520,824,7080,3840,8020,3840,1368,0.25,125,0.25,0.091374269,10.944
2017,231059,43640,43640,1200,11750,970,11750,970,1368,0.25,125,0.25,0.091374269,10.944
2017,231651,17288,17288,1000,7128,3743,10845,7595,1368,0.25,125,0.25,0.091374269,10.944
2017,231712,13654,25850,1244,11224,3558,11862,4100,1368,0.25,125,0.25,0.091374269,10.944
2017,232937,9036,20478,2535,10288,4038,10288,4038,1368,0.25,125,0.25,0.091374269,10.944
2017,235097,7109,23862,840,11493,2700,11493,2700,1368,0.25,125,0.25,0.091374269,10.944
2017,235316,41330,41330,1104,11550,3366,11550,3366,1368,0.25,125,0.25,0.091374269,10.944
2017,236452,35656,35656,1000,11030,3000,9360,3000,1368,0.25,125,0.25,0.091374269,10.944
2017,237066,42186,42186,840,11496,3302,9693,3302,1368,0.25,125,0.25,0.091374269,10.944
2017,238193,28277,28277,625,8296,3220,7900,4120,1368,0.25,125,0.25,0.091374269,10.944
2017,240426,8109,15682,1000,6710,4020,6710,4020,1368,0.25,125,0.25,0.091374269,10.944
2017,262129,6916,29944,1200,9264,3270,11266,3270,1368,0.25,125,0.25,0.091374269,10.944
2017,443058,6570,6570,1200,9176,5968,9616,6264,1368,0.25,125,0.25,0.091374269,10.944
2017,482680,4421,12834,1390,10440,3430,8060,4030,1368,0.25,125,0.25,0.091374269,10.944
2018,100706,10714,22362,2034,10094,3808,8875,3808,1368,0.25,125,0.25,0.091374269,10.944
2018,101189,21690,21690,1800,7750,4200,8000,4700,1368,0.25,125,0.25,0.091374269,10.944
2018,104151,10822,28336,1148,12648,3430,9684,4412,1368,0.25,125,0.25,0.091374269,10.944
2018,106467,7254,12678,1330,7870,2331,11902,3991,1368,0.25,125,0.25,0.091374269,10.944
2018,110510,6922,18802,1917,12711,2328,13770,2721,1368,0.25,125,0.25,0.091374269,10.944
2018,110574,6983,18863,1500,13980,2680,13986,2830,1368,0.25,125,0.25,0.091374269,10.944
2018,110662,13226,42218,1450,15816,4128,13808,4772,1368,0.25,125,0.25,0.091374269,10.944
2018,110714,13960,42952,1089,16448,4720,12757,5102,1368,0.25,125,0.25,0.091374269,10.944
2018,117140,43050,43050,1916,13420,3310,13779,4318,1368,0.25,125,0.25,0.091374269,10.944
2018,117168,30700,30700,1917,15418,3365,13779,4248,1368,0.25,125,0.25,0.091374269,10.944
2018,120883,48164,48164,1917,13650,3240,13779,4248,1368,0.25,125,0.25,0.091374269,10.944
2018,123457,30200,30200,1704,8950,3071,12248,3967,1368,0.25,125,0.25,0.091374269,10.944
2018,123651,33720,33720,1850,9980,3250,13890,4340,1368,0.25,125,0.25,0.091374269,10.944
2018,125897,39790,39790,1917,11550,3240,13779,4248,1368,0.25,125,0.25,0.091374269,10.944
2018,126614,12532,37286,1800,14418,2294,12622,2294,1368,0.25,125,0.25,0.091374269,10.944
2018,126669,31866,31866,1000,11084,1575,8910,1575,1368,0.25,125,0.25,0.091374269,10.944
2018,128771,10616,23124,1050,12176,2027,11738,2465,1368,0.25,125,0.25,0.091374269,10.944
2018,130590,56910,56910,1000,14750,1500,14750,1500,1368,0.25,125,0.25,0.091374269,10.944
2018,130934,7868,16904,1900,11433,2219,12672,5664,1368,0.25,125,0.25,0.091374269,10.944
2018,132903,6368,22467,1200,10010,4970,10010,4970,1368,0.25,125,0.25,0.091374269,10.944
2018,134097,5656,18786,1000,10666,4846,10666,4846,1368,0.25,125,0.25,0.091374269,10.944
2018,139940,9112,23971,1600,14392,910,12260,2090,1368,0.25,125,0.25,0.091374269,10.944
2018,141334,6288,17074,1600,9708,6800,6900,6800,1368,0.25,125,0.25,0.091374269,10.944
2018,145619,34290,34290,1510,11126,3080,10672,4364,1368,0.25,125,0.25,0.091374269,10.944
2018,147369,13056,13056,932,10360,2732,9020,2732,1368,0.25,125,0.25,0.091374269,10.944
2018,147767,54567,54567,1605,16626,1850,16626,1850,1368,0.25,125,0.25,0.091374269,10.944
2018,147828,36070,36070,1000,7900,2700,12550,1000,1368,0.25,125,0.25,0.091374269,10.944
2018,148487,29832,29832,1200,13223,4400,8600,7700,1368,0.25,125,0.25,0.091374269,10.944
2018,150677,24768,24768,1000,9134,1000,8000,3200,1368,0.25,125,0.25,0.091374269,10.944
2018,151290,26900,26900,0,10020,4196,7515,5218,1368,0.25,125,0.25,0.091374269,10.944
2018,151324,9090,19836,1200,10590,2266,10590,2690,1368,0.25,125,0.25,0.091374269,10.944
2018,154527,41280,41280,1100,9995,1300,9995,1300,1368,0.25,125,0.25,0.091374269,10.944
2018,155681,7298,18642,1000,7778,3826,7332,4438,1368,0.25,125,0.25,0.091374269,10.944
2018,157100,19256,19256,1200,8200,4768,8200,9592,1368,0.25,125,0.25,0.091374269,10.944
2018,157535,20950,20950,2500,7800,6500,7800,6500,1368,0.25,125,0.25,0.091374269,10.944
2018,157748,20433,20433,1700,7150,1500,2460,1500,1368,0.25,125,0.25,0.091374269,10.944
2018,159647,9645,18558,1389,8529,3738,9186,4896,1368,0.25,125,0.25,0.091374269,10.944
2018,159966,7952,9045,1300,9754,4112,9430,4952,1368,0.25,125,0.25,0.091374269,10.944
2018,160065,14180,14180,1300,14775,2042,9430,3958,1368,0.25,125,0.25,0.091374269,10.944
2018,161509,35050,35050,1250,12290,2100,8100,2100,1368,0.25,125,0.25,0.091374269,10.944
2018,162928,53740,53740,1240,15836,1085,11650,1085,1368,0.25,125,0.25,0.091374269,10.944
2018,166513,15180,32827,1200,12748,1424,5400,1924,1368,0.25,125,0.25,0.091374269,10.944
2018,166629,15887,34570,1000,12626,1400,12626,1400,1368,0.25,125,0.25,0.091374269,10.944
2018,166638,14167,33966,800,16290,1924,12750,2974,1368,0.25,125,0.25,0.091374269,10.944
2018,167899,37444,37444,1000,12550,2250,12550,2250,1368,0.25,125,0.25,0.091374269,10.944
2018,167996,42746,42746,893,16000,1607,8300,1345,1368,0.25,125,0.25,0.091374269,10.944
2018,168148,56382,56382,1000,14560,1558,14560,1558,1368,0.25,125,0.25,0.091374269,10.944
2018,168528,37087,37087,1800,11318,3276,11318,3276,1368,0.25,125,0.25,0.091374269,10.944
2018,168847,11135,11135,1000,5400,4800,7200,4800,1368,0.25,125,0.25,0.091374269,10.944
2018,169910,12150,12150,840,9894,672,8526,1572,1368,0.25,125,0.25,0.091374269,10.944
2018,170286,27578,27578,1200,11000,2000,11000,2000,1368,0.25,125,0.25,0.091374269,10.944
2018,171571,12606,24230,784,10100,2034,6508,4400,1368,0.25,125,0.25,0.091374269,10.944
2018,173045,38800,38800,1200,10280,2500,16262,2500,1368,0.25,125,0.25,0.091374269,10.944
2018,174491,31540,31540,600,9460,2740,3492,4000,1368,0.25,125,0.25,0.091374269,10.944
2018,175078,8612,8612,1200,8016,3156,8016,3156,1368,0.25,125,0.25,0.091374269,10.944
2018,176628,19900,19900,1072,8564,2062,9772,3204,1368,0.25,125,0.25,0.091374269,10.944
2018,177065,22704,22704,1264,7808,4576,8160,6080,1368,0.25,125,0.25,0.091374269,10.944
2018,177542,22750,22750,636,8108,3206,8148,5070,1368,0.25,125,0.25,0.091374269,10.944
2018,179566,7376,15326,1250,8755,4401,8755,4401,1368,0.25,125,0.25,0.091374269,10.944
2018,180489,7244,24959,1100,9544,3078,9544,3778,1368,0.25,125,0.25,0.091374269,10.944
2018,181394,7790,20764,1140,9690,3680,9582,3680,1368,0.25,125,0.25,0.091374269,10.944
2018,183062,14212,23176,900,11026,1850,8668,2050,1368,0.25,125,0.25,0.091374269,10.944
2018,186876,13739,20866,1597,12282,3220,12282,4059,1368,0.25,125,0.25,0.091374269,10.944
2018,190716,26780,26780,1200,12224,3000,12224,3000,1368,0.25,125,0.25,0.091374269,10.944
2018,190725,28580,28580,1000,12915,1500,2900,1500,1368,0.25,125,0.25,0.091374269,10.944
2018,192703,42608,42608,1200,16220,2100,16220,2400,1368,0.25,125,0.25,0.091374269,10.944
2018,192819,39600,39600,1000,15550,2000,14150,2500,1368,0.25,125,0.25,0.091374269,10.944
2018,193016,19042,19042,1588,14400,3170,8430,3488,1368,0.25,125,0.25,0.091374269,10.944
2018,193353,31118,31118,1300,15108,1550,11700,2100,1368,0.25,125,0.25,0.091374269,10.944
2018,193900,51828,51828,824,18156,2758,18156,2758,1368,0.25,125,0.25,0.091374269,10.944
2018,194657,12450,12450,200,3000,3800,14214,3800,1368,0.25,125,0.25,0.091374269,10.944
2018,194958,31568,31568,1100,10628,3100,7598,3420,1368,0.25,125,0.25,0.091374269,10.944
2018,195234,32574,32574,1200,12714,2100,12714,2460,1368,0.25,125,0.25,0.091374269,10.944
2018,196097,9625,27295,900,13698,1868,13999,5336,1368,0.25,125,0.25,0.091374269,10.944
2018,196121,8412,18192,980,13358,1858,9964,2788,1368,0.25,125,0.25,0.091374269,10.944
2018,196246,8369,18149,1220,12980,2490,12980,2490,1368,0.25,125,0.25,0.091374269,10.944
2018,197197,47090,47090,850,14124,2390,14124,2390,1368,0.25,125,0.25,0.091374269,10.944
2018,197647,12100,12100,200,3800,3800,14214,3800,1368,0.25,125,0.25,0.091374269,10.944
2018,197735,10100,10100,200,4050,3800,14214,3800,1368,0.25,125,0.25,0.091374269,10.944
2018,198464,7188,23465,1432,10354,2698,10354,2698,1368,0.25,125,0.25,0.091374269,10.944
2018,198899,32968,32968,1257.568699,9592,1900,9592,1800,1368,0.25,125,0.25,0.091374269,10.944
2018,199157,6464,19171,1500,10250,6205,10250,6605,1368,0.25,125,0.25,0.091374269,10.944
2018,202806,12649,12649,1080,9998,4498,14680,4498,1368,0.25,125,0.25,0.091374269,10.944
2018,204680,7644,27660,1168,9344,4846,9344,4846,1368,0.25,125,0.25,0.091374269,10.944
2018,209506,10118,28668,1225,9579,3330,11107,3958,1368,0.25,125,0.25,0.091374269,10.944
2018,211088,43580,43580,1500,13900,1100,19292,1100,1368,0.25,125,0.25,0.091374269,10.944
2018,213349,10802,14910,1440,11478,4170,11478,4170,1368,0.25,125,0.25,0.091374269,10.944
2018,213507,43650,43650,1200,11860,2482,7500,3082,1368,0.25,125,0.25,0.091374269,10.944
2018,214166,23110,23110,2500,10648,3000,10000,3000,1368,0.25,125,0.25,0.091374269,10.944
2018,214704,15198,24450,1840,11570,4788,11570,4788,1368,0.25,125,0.25,0.091374269,10.944
2018,215947,35748,35748,1200,11984,2500,9442,3000,1368,0.25,125,0.25,0.091374269,10.944
2018,216807,36806,36806,1000,11130,1250,11130,1250,1368,0.25,125,0.25,0.091374269,10.944
2018,216852,45948,45948,1300,14446,1728,8190,2358,1368,0.25,125,0.25,0.091374269,10.944
2018,217013,24595,24595,1260,11594,1700,7100,2580,1368,0.25,125,0.25,0.091374269,10.944
2018,217934,19500,19500,1203,7900,4520,5298,7802,1368,0.25,125,0.25,0.091374269,10.944
2018,217998,36150,36150,2000,11350,3500,12550,1250,1368,0.25,125,0.25,0.091374269,10.944
2018,219198,27276,27276,1200,7986,4426,7986,5138,1368,0.25,125,0.25,0.091374269,10.944
2018,220613,17690,17690,1600,8300,3560,8150,3560,1368,0.25,125,0.25,0.091374269,10.944
2018,225247,28990,28990,800,8080,3176,8080,3176,1368,0.25,125,0.25,0.091374269,10.944
2018,225575,14346,14346,1000,7568,1500,7650,1500,1368,0.25,125,0.25,0.091374269,10.944
2018,226383,22440,22440,1200,7702,4942,7702,4942,1368,0.25,125,0.25,0.091374269,10.944
2018,226833,9233,11183,1050,8877,1909,8877,1909,1368,0.25,125,0.25,0.091374269,10.944
2018,227216,10852,20812,1000,9610,3250,8446,4570,1368,0.25,125,0.25,0.091374269,10.944
2018,227368,7813,17773,1218,8124,3316,8146,4406,1368,0.25,125,0.25,0.091374269,10.944
2018,227757,47350,47350,1200,14000,2600,14000,2600,1368,0.25,125,0.25,0.091374269,10.944
2018,228325,19582,19582,1310,7500,5786,13830,4810,1368,0.25,125,0.25,0.091374269,10.944
2018,228468,21564,21564,1550,7600,2955,7474,2955,1368,0.25,125,0.25,0.091374269,10.944
2018,228529,7292,17252,966,10480,3057,10480,3057,1368,0.25,125,0.25,0.091374269,10.944
2018,229160,31816,31816,2032,9654,4267,9600,3844,1368,0.25,125,0.25,0.091374269,10.944
2018,232681,12654,28588,1200,11218,3178,11218,3494,1368,0.25,125,0.25,0.091374269,10.944
2018,232937,9490,20658,1901,10360,3244,10360,3244,1368,0.25,125,0.25,0.091374269,10.944
2018,237783,16700,16700,1000,7480,2000,7480,2000,1368,0.25,125,0.25,0.091374269,10.944
2018,238616,29450,29450,1750,10850,2800,10850,2800,1368,0.25,125,0.25,0.091374269,10.944
2018,239743,28390,28390,1152,11000,3714,7706,5000,1368,0.25,125,0.25,0.091374269,10.944
2018,242617,5940,5940,1372,5193,5481,9264,5481,1368,0.25,125,0.25,0.091374269,10.944
2018,243221,4094,6049,2168,11161,2453,11161,3251,1368,0.25,125,0.25,0.091374269,10.944
2018,245953,19604,19604,1632,8190,1600,7752,1600,1368,0.25,125,0.25,0.091374269,10.944
2018,414823,32441,32441,1800,12129,2059,7500,2059,1368,0.25,125,0.25,0.091374269,10.944
2018,420574,9840,25576,1148,11683,3430,9684,4412,1368,0.25,125,0.25,0.091374269,10.944
2018,448840,5821,16736,1200,11610,4100,9820,4100,1368,0.25,125,0.25,0.091374269,10.944
2018,489937,9920,9920,1000,7809,2100,12600,3350,1368,0.25,125,0.25,0.091374269,10.944
2019,100830,8620,18292,1200,6980,3850,10296,3850,1368,0.25,125,0.25,0.091374269,10.944
2019,101189,22310,22310,1800,7925,4300,8200,4800,1368,0.25,125,0.25,0.091374269,10.944
2019,101693,23860,23860,1800,9700,4750,9000,4800,1368,0.25,125,0.25,0.091374269,10.944
2019,105589,32553,32553,982,9520,1444,8162,1444,1368,0.25,125,0.25,0.091374269,10.944
2019,107983,9080,13580,1600,7188,5882,7188,7495,1368,0.25,125,0.25,0.091374269,10.944
2019,112260,56475,56475,1200,17300,1500,15084,1650,1368,0.25,125,0.25,0.091374269,10.944
2019,117140,44550,44550,1972,13740,3788,15084,5344,1368,0.25,125,0.25,0.091374269,10.944
2019,117168,31600,31600,1971,17086,3842,15084,5274,1368,0.25,125,0.25,0.091374269,10.944
2019,118888,30877,30877,1611,13883,2468,13883,4178,1368,0.25,125,0.25,0.091374269,10.944
2019,120883,49588,49588,1971,13408,3717,15084,5274,1368,0.25,125,0.25,0.091374269,10.944
2019,127185,8872,19528,1240,11704,3558,10488,3558,1368,0.25,125,0.25,0.091374269,10.944
2019,128771,11068,24028,1050,12528,2215,12528,2215,1368,0.25,125,0.25,0.091374269,10.944
2019,130253,43070,43070,1200,15960,2650,10462,3150,1368,0.25,125,0.25,0.091374269,10.944
2019,130314,40286,40286,1200,11771,1400,10866,2144,1368,0.25,125,0.25,0.091374269,10.944
2019,130590,59050,59050,1000,15300,1500,15300,1500,1368,0.25,125,0.25,0.091374269,10.944
2019,131469,56935,56935,1400,14300,1525,14300,1525,1368,0.25,125,0.25,0.091374269,10.944
2019,136215,32110,32110,1728,12870,6259,11430,9175,1368,0.25,125,0.25,0.091374269,10.944
2019,139658,53804,53804,1224,14972,2604,14972,2604,1368,0.25,125,0.25,0.091374269,10.944
2019,139719,5772,16494,1500,8372,5000,8000,500,1368,0.25,125,0.25,0.091374269,10.944
2019,139959,12080,31120,990,10314,4066,8392,4650,1368,0.25,125,0.25,0.091374269,10.944
2019,140252,13101,13101,2400,14400,9600,14400,9600,1368,0.25,125,0.25,0.091374269,10.944
2019,140872,24300,24300,1400,9800,6200,8400,6200,1368,0.25,125,0.25,0.091374269,10.944
2019,141167,16940,16940,2000,7040,2200,5320,2200,1368,0.25,125,0.25,0.091374269,10.944
2019,141325,23970,23970,1261.41,10060,2000,10060,2000,1368,0.25,125,0.25,0.091374269,10.944
2019,142461,31050,31050,1290,7990,2660,8900,3720,1368,0.25,125,0.25,0.091374269,10.944
2019,145600,13874,27566,1400,12479,3628,12479,3628,1368,0.25,125,0.25,0.091374269,10.944
2019,145619,34290,34290,1510,11126,3080,10672,4364,1368,0.25,125,0.25,0.091374269,10.944
2019,145813,14832,26356,802,9850,5640,8172,6941,1368,0.25,125,0.25,0.091374269,10.944
2019,147244,37054,37054,1000,11818,2100,11818,2100,1368,0.25,125,0.25,0.091374269,10.944
2019,147828,37070,37070,1000,8000,2700,12550,1000,1368,0.25,125,0.25,0.091374269,10.944
2019,149231,12219,12219,915,9881,2906,9881,2906,1368,0.25,125,0.25,0.091374269,10.944
2019,149772,13256,13256,1200,9800,2292,9800,4112,1368,0.25,125,0.25,0.091374269,10.944
2019,151102,8589,20622,1240,9620,3417,9620,3417,1368,0.25,125,0.25,0.091374269,10.944
2019,151342,7527,19978,1110,9146,2494,7932,4064,1368,0.25,125,0.25,0.091374269,10.944
2019,151777,33624,33624,1000,9842,1488,6461,3342,1368,0.25,125,0.25,0.091374269,10.944
2019,156356,23500,23500,3000,9940,2000,11500,2000,1368,0.25,125,0.25,0.091374269,10.944
2019,157377,24850,24850,1200,8600,7000,8600,7000,1368,0.25,125,0.25,0.091374269,10.944
2019,160621,9141,16491,1300,9176,3975,9800,4200,1368,0.25,125,0.25,0.091374269,10.944
2019,160959,43542,43542,600,9747,1080,5220,1080,1368,0.25,125,0.25,0.091374269,10.944
2019,162928,55350,55350,1250,16310,1118,12235,1118,1368,0.25,125,0.25,0.091374269,10.944
2019,163462,42590,42590,1300,13330,1400,7500,2300,1368,0.25,125,0.25,0.091374269,10.944
2019,164580,52608,52608,1144,16776,1850,16776,1850,1368,0.25,125,0.25,0.091374269,10.944
2019,166850,43340,43340,1000,16320,1450,16320,1450,1368,0.25,125,0.25,0.091374269,10.944
2019,167455,31600,31600,800,13830,2000,13830,2000,1368,0.25,125,0.25,0.091374269,10.944
2019,168148,58578,58578,1000,15086,1536,15086,1536,1368,0.25,125,0.25,0.091374269,10.944
2019,168430,10161,16241,1368,12360,1700,5400,2200,1368,0.25,125,0.25,0.091374269,10.944
2019,168786,33854,33854,930,9598,1782,6222,2484,1368,0.25,125,0.25,0.091374269,10.944
2019,169248,12960,24120,1000,10328,1080,10328,1080,1368,0.25,125,0.25,0.091374269,10.944
2019,169327,20550,20550,1404,10500,1230,4704,1908,1368,0.25,125,0.25,0.091374269,10.944
2019,170082,12860,18296,740,9400,2040,6416,2040,1368,0.25,125,0.25,0.091374269,10.944
2019,170675,35280,35280,1536,10540,4490,10540,4490,1368,0.25,125,0.25,0.091374269,10.944
2019,171146,12202,23502,1000,9092,2016,7200,3978,1368,0.25,125,0.25,0.091374269,10.944
2019,171571,13346,24710,784,10806,2434,6876,4888,1368,0.25,125,0.25,0.091374269,10.944
2019,174437,25090,25090,1550,7780,3224,7780,3224,1368,0.25,125,0.25,0.091374269,10.944
2019,174862,26970,26970,1316,8930,4562,8930,6154,1368,0.25,125,0.25,0.091374269,10.944
2019,175078,8874,8874,1200,8278,2930,8278,2930,1368,0.25,125,0.25,0.091374269,10.944
2019,176965,7969,14715,1250,8962,2450,8962,2450,1368,0.25,125,0.25,0.091374269,10.944
2019,178387,8225,14135,1000,9125,2665,9125,2665,1368,0.25,125,0.25,0.091374269,10.944
2019,178615,8120,15314,1000,9012,3800,9012,3800,1368,0.25,125,0.25,0.091374269,10.944
2019,179557,7800,13830,631,9267,4708,9267,4708,1368,0.25,125,0.25,0.091374269,10.944
2019,180489,7354,26218,1100,9966,3248,9966,3948,1368,0.25,125,0.25,0.091374269,10.944
2019,180595,29552,29552,1300,8452,3270,8451,3270,1368,0.25,125,0.25,0.091374269,10.944
2019,180814,7851,7851,1350,8940,3069,13536,3069,1368,0.25,125,0.25,0.091374269,10.944
2019,180832,14040,14040,790,7068,2914,8330,2914,1368,0.25,125,0.25,0.091374269,10.944
2019,181330,34040,34040,1020,8914,2184,7942,3156,1368,0.25,125,0.25,0.091374269,10.944
2019,181446,35564,35564,1000,10172,3500,11048,3500,1368,0.25,125,0.25,0.091374269,10.944
2019,183211,33540,33540,1200,13570,2302,10218,5102,1368,0.25,125,0.25,0.091374269,10.944
2019,184603,42220,42220,1230,13670,2856,13716,2856,1368,0.25,125,0.25,0.091374269,10.944
2019,186371,15264,31500,1350,12691,3625,16434,6041,1368,0.25,125,0.25,0.091374269,10.944
2019,188526,36745,36745,1000,11046,2560,11346,4260,1368,0.25,125,0.25,0.091374269,10.944
2019,189705,29428,29428,1000,11526,1500,8000,1500,1368,0.25,125,0.25,0.091374269,10.944
2019,190503,33690,33690,1000,11880,3800,11540,4076,1368,0.25,125,0.25,0.091374269,10.944
2019,192110,47370,47370,740,17970,2888,17970,4032,1368,0.25,125,0.25,0.091374269,10.944
2019,195720,35150,35150,1100,12650,1400,12650,1500,1368,0.25,125,0.25,0.091374269,10.944
2019,196042,8538,18448,1300,13318,2000,14193,3150,1368,0.25,125,0.25,0.091374269,10.944
2019,196088,10524,28194,1203,14134,2805,14134,2805,1368,0.25,125,0.25,0.091374269,10.944
2019,196130,8472,18182,1038,14220,3788,14220,4278,1368,0.25,125,0.25,0.091374269,10.944
2019,196167,8927,18837,1000,14018,2509,12906,2509,1368,0.25,125,0.25,0.091374269,10.944
2019,196291,8508,18418,1500,13256,3600,13256,3600,1368,0.25,125,0.25,0.091374269,10.944
2019,196413,53849,53849,1536,15910,1774,15910,1774,1368,0.25,125,0.25,0.091374269,10.944
2019,197197,48280,48280,871,14575,2447,14575,2447,1368,0.25,125,0.25,0.091374269,10.944
2019,197911,31732,31732,1200,10422,4400,10422,4400,1368,0.25,125,0.25,0.091374269,10.944
2019,199281,3490,7490,1505,8924,3241,8208,3296,1368,0.25,125,0.25,0.091374269,10.944
2019,201104,21980,21980,912,10340,2596,5500,3728,1368,0.25,125,0.25,0.091374269,10.944
2019,202806,9577,9577,1080,10224,4578,14914,5842,1368,0.25,125,0.25,0.091374269,10.944
2019,203757,24650,24650,1405,10590,2884,8214,2884,1368,0.25,125,0.25,0.091374269,10.944
2019,206914,6450,15870,1418,5452,2842,8312,3920,1368,0.25,125,0.25,0.091374269,10.944
2019,209612,46402,46402,1050,12905,1800,9108,1800,1368,0.25,125,0.25,0.091374269,10.944
2019,210401,52290,52290,1012,12938,1310,12938,1310,1368,0.25,125,0.25,0.091374269,10.944
2019,211088,44440,44440,1500,13900,1100,19498,1100,1368,0.25,125,0.25,0.091374269,10.944
2019,211158,10958,22782,1200,10468,3370,8996,3370,1368,0.25,125,0.25,0.091374269,10.944
2019,211556,38738,38738,1000,11868,2000,11862,3500,1368,0.25,125,0.25,0.091374269,10.944
2019,213251,47075,47075,1000,12800,1250,12800,1250,1368,0.25,125,0.25,0.091374269,10.944
2019,213783,10596,13162,2000,10148,2756,9308,2596,1368,0.25,125,0.25,0.091374269,10.944
2019,213996,36120,36120,1280,10580,2400,10580,3800,1368,0.25,125,0.25,0.091374269,10.944
2019,215442,32750,32750,1200,11540,2180,3150,1980,1368,0.25,125,0.25,0.091374269,10.944
2019,215770,46550,46550,893,14840,1347,14840,1347,1368,0.25,125,0.25,0.091374269,10.944
2019,216694,25570,25570,1500,10520,910,7620,1310,1368,0.25,125,0.25,0.091374269,10.944
2019,217402,52438,52438,1100,15140,1052,12200,1600,1368,0.25,125,0.25,0.091374269,10.944
2019,217420,9578,23043,1200,12394,1440,13160,2200,1368,0.25,125,0.25,0.091374269,10.944
2019,217493,52860,52860,2700,13720,3500,13720,3500,1368,0.25,125,0.25,0.091374269,10.944
2019,217749,19100,19100,1200,7580,1600,11904,1600,1368,0.25,125,0.25,0.091374269,10.944
2019,219091,28750,28750,1000,7300,1850,8000,1850,1368,0.25,125,0.25,0.091374269,10.944
2019,220631,22740,22740,1400,8250,5470,5000,6060,1368,0.25,125,0.25,0.091374269,10.944
2019,225511,9221,21749,1338,9368,4052,9231,5064,1368,0.25,125,0.25,0.091374269,10.944
2019,227368,8132,18260,1238,8252,3324,8198,4400,1368,0.25,125,0.25,0.091374269,10.944
2019,228042,30470,30470,100,10442,1575,9830,2000,1368,0.25,125,0.25,0.091374269,10.944
2019,228723,12153,38602,1222,10400,6308,10400,6308,1368,0.25,125,0.25,0.091374269,10.944
2019,228796,9161,24524,1632,9496,4232,9496,4232,1368,0.25,125,0.25,0.091374269,10.944
2019,231581,36600,36600,1150,12970,2280,9540,3060,1368,0.25,125,0.25,0.091374269,10.944
2019,232672,31110,31110,900,9730,2130,11250,2860,1368,0.25,125,0.25,0.091374269,10.944
2019,237525,8412,19266,1100,10644,2287,9580,3087,1368,0.25,125,0.25,0.091374269,10.944
2019,238078,29290,29290,1300,9900,1800,5000,1200,1368,0.25,125,0.25,0.091374269,10.944
2019,238430,31798,31798,700,8950,4992,6517,5332,1368,0.25,125,0.25,0.091374269,10.944
2019,238616,30352,30352,1800,11170,3100,11170,3100,1368,0.25,125,0.25,0.091374269,10.944
2019,240417,9463,17430,418,6944,3206,6944,3206,1368,0.25,125,0.25,0.091374269,10.944
2019,245652,35755,35755,650,12860,1000,12860,1000,1368,0.25,125,0.25,0.091374269,10.944
2019,392840,24750,24750,2000,11000,5000,14000,5000,1368,0.25,125,0.25,0.091374269,10.944
